{
  "features": [
    "Year",
    "Month",
    "Day_of_Week",
    "Is_Weekend",
    "Week_Number",
    "Season_Encoded",
    "Temperature_Avg",
    "Rainfall_mm",
    "Humidity",
    "Wind_Speed",
    "Cloud_Cover",
    "Cooling_Degree_Days",
    "Heating_Degree_Days",
    "Power_Factor_Avg",
    "Maximum_Demand_kW",
    "Peak_Load_kW",
    "Load_Factor",
    "Voltage_Avg",
    "Current_Avg",
    "Interruption_Duration_Minutes",
    "Interruption_Count",
    "Interruption_Impact_Index",
    "Building_ID_Encoded",
    "Building_Area_sqft",
    "Number_of_Occupants",
    "Lag_1_Month_Consumption",
    "Lag_3_Month_Consumption",
    "Rolling_3_Month_Avg",
    "Previous_Month_Bill",
    "AC_Usage_Hours",
    "Working_Hours",
    "Occupancy_Rate"
  ],
  "energy_importance": [
    9.935300113284029e-06,
    2.103390943375416e-05,
    3.293947156635113e-05,
    2.1557198124355637e-05,
    2.482818490534555e-05,
    0.00339207099750638,
    6.544222560478374e-05,
    2.403990220045671e-05,
    0.00013047762331552804,
    1.7745902368915267e-05,
    2.3252687242347747e-05,
    9.047803905559704e-05,
    8.433689072262496e-05,
    2.523645162000321e-05,
    0.040516532957553864,
    0.2217070609331131,
    6.338750245049596e-05,
    0.00012457763659767807,
    0.2594725787639618,
    3.381857095519081e-05,
    2.0214498363202438e-05,
    1.977846841327846e-05,
    1.1426616765675135e-05,
    0.0019383701728656888,
    7.827662557247095e-06,
    0.0837838426232338,
    0.0005183240864425898,
    0.3876655399799347,
    2.8969114282517694e-05,
    5.6080392823787406e-05,
    4.129721492063254e-05,
    2.6910998712992296e-05
  ],
  "bill_importance": [
    0.0031603623647242785,
    3.735272184712812e-05,
    5.064003562438302e-05,
    3.089916208409704e-05,
    5.0168000598205253e-05,
    0.0020138730760663748,
    7.761234883219004e-05,
    5.889645763090812e-05,
    6.892403325764462e-05,
    6.247858982533216e-05,
    6.322573608485982e-05,
    0.0005300499033182859,
    0.0001290571817662567,
    7.329534855671227e-05,
    0.05248957499861717,
    0.17724482715129852,
    0.00013078245683573186,
    0.0001734360121190548,
    0.1881268471479416,
    5.5671749578323215e-05,
    9.357932140119374e-05,
    6.147693784441799e-05,
    6.380751437973231e-05,
    0.0003209099522791803,
    3.1994761229725555e-05,
    0.10115810483694077,
    0.0009465636103413999,
    0.4724206030368805,
    6.192032742546871e-05,
    0.0001046156685333699,
    4.148935113335028e-05,
    6.69607543386519e-05
  ],
  "metrics": {
    "energy": {
      "r2": 0.9990455255198653,
      "rmse": 2.6644687412463304,
      "mae": 1.2506908096071008
    },
    "bill": {
      "r2": 0.9979861169800206,
      "rmse": 235.965939169368,
      "mae": 129.006303088351
    }
  }
}