{
  "features": [
    "Year",
    "Month",
    "Month_Sin",
    "Month_Cos",
    "Day_of_Week",
    "Is_Weekend",
    "Is_Holiday",
    "Building_ID_Encoded",
    "Building_Area_sqft",
    "Number_of_Occupants",
    "Is_Summer",
    "Summer_Demand_Boost",
    "Summer_Temp_Bill_Factor",
    "Temperature_Avg",
    "Humidity",
    "Rainfall_mm",
    "Wind_Speed",
    "Cooling_Degree_Days",
    "Heating_Degree_Days",
    "Temperature_Anomaly",
    "Temp_AC_Interaction",
    "Temp_Peak_Load_Interaction",
    "Temp_Multiplier",
    "Peak_Load_kW",
    "Load_Factor",
    "Power_Factor_Avg",
    "Voltage_Avg",
    "Current_Avg",
    "Maximum_Demand_kW",
    "Interruption_Duration_Minutes",
    "Working_Hours",
    "Occupancy_Rate",
    "AC_Usage_Hours",
    "Equipment_Utilization_Percent",
    "Tariff_per_kWh",
    "Demand_Charge_per_kW",
    "Fixed_Charge",
    "Lag_1_Month_Consumption",
    "Lag_3_Month_Consumption",
    "Rolling_3_Month_Avg",
    "Previous_Month_Bill"
  ],
  "energy_importance": [
    0.0019354337127879262,
    0.0012868890771642327,
    0.0013827986549586058,
    0.0018819366814568639,
    0.0015910734655335546,
    0.0029665555339306593,
    0.0,
    0.0009068151121027768,
    0.0008505872101522982,
    0.00045709696132689714,
    0.0008652357500977814,
    0.006275691092014313,
    0.004018605686724186,
    0.0018139546737074852,
    0.0024095019325613976,
    0.0019011294934898615,
    0.002579945605248213,
    0.0024394856300204992,
    0.0025157060008496046,
    0.0029100796673446894,
    0.0016673944192007184,
    0.0019195160130038857,
    0.0015126625075936317,
    0.048871323466300964,
    0.0013342309975996614,
    0.002489181701093912,
    0.001966302515938878,
    0.31601598858833313,
    0.07821538299322128,
    0.0018330271122977138,
    0.0027541820891201496,
    0.00200464716181159,
    0.0008473367197439075,
    0.002339943777769804,
    0.0010744166793301702,
    0.0008576844702474773,
    0.0,
    0.01296841911971569,
    0.007299515884369612,
    0.469905823469162,
    0.0031345942988991737
  ],
  "bill_importance": [
    0.003192523028701544,
    0.0011144696036353707,
    0.0011138488771393895,
    0.0009317038930021226,
    0.0011368906125426292,
    0.0006600571796298027,
    0.0,
    0.0007300326251424849,
    0.001157645951025188,
    0.0010962164960801601,
    0.0004371850227471441,
    0.013951104134321213,
    0.006137375719845295,
    0.001823487225919962,
    0.0018724816618487239,
    0.0020597181282937527,
    0.003154485020786524,
    0.0021886585745960474,
    0.001769866212271154,
    0.001902718679048121,
    0.002097953576594591,
    0.0019851760007441044,
    0.002298799343407154,
    0.14370132982730865,
    0.0010970510775223374,
    0.00170546630397439,
    0.00246287789195776,
    0.17198742926120758,
    0.2201147973537445,
    0.001059917383827269,
    0.0002332183939870447,
    0.0019556237384676933,
    0.0024024234153330326,
    0.0012463474413380027,
    0.0055699520744383335,
    0.007358625065535307,
    0.0,
    0.04027525708079338,
    0.0034008133225142956,
    0.34130510687828064,
    0.0013113036984577775
  ]
}